{
  "baseline_fprs": {
    "overall": 0.6190476190476191,
    "female": 0.5454545454545454,
    "male": 0.7,
    "urban": 0.6551724137931034,
    "rural": 0.5384615384615384,
    "female_urban": 0.5333333333333333,
    "female_rural": 0.5714285714285714,
    "male_urban": 0.7857142857142857,
    "male_rural": 0.5
  },
  "baseline_training_time": 0.0025069713592529297,
  "gerryfair_experiments": {
    "10": {
      "fprs": {
        "overall": 0.6666666666666666,
        "female": 0.5909090909090909,
        "male": 0.75,
        "urban": 0.6896551724137931,
        "rural": 0.6153846153846154,
        "female_urban": 0.6,
        "female_rural": 0.5714285714285714,
        "male_urban": 0.7857142857142857,
        "male_rural": 0.6666666666666666
      },
      "training_time": 1.5359768867492676,
      "iterations": 10
    },
    "25": {
      "fprs": {
        "overall": 0.6428571428571429,
        "female": 0.5454545454545454,
        "male": 0.75,
        "urban": 0.5862068965517241,
        "rural": 0.7692307692307693,
        "female_urban": 0.4666666666666667,
        "female_rural": 0.7142857142857143,
        "male_urban": 0.7142857142857143,
        "male_rural": 0.8333333333333334
      },
      "training_time": 3.9697680473327637,
      "iterations": 25
    },
    "50": {
      "fprs": {
        "overall": 0.5714285714285714,
        "female": 0.5,
        "male": 0.65,
        "urban": 0.6896551724137931,
        "rural": 0.3076923076923077,
        "female_urban": 0.6,
        "female_rural": 0.2857142857142857,
        "male_urban": 0.7857142857142857,
        "male_rural": 0.3333333333333333
      },
      "training_time": 8.541786909103394,
      "iterations": 50
    },
    "100": {
      "fprs": {
        "overall": 0.6428571428571429,
        "female": 0.5454545454545454,
        "male": 0.75,
        "urban": 0.5862068965517241,
        "rural": 0.7692307692307693,
        "female_urban": 0.4666666666666667,
        "female_rural": 0.7142857142857143,
        "male_urban": 0.7142857142857143,
        "male_rural": 0.8333333333333334
      },
      "training_time": 17.38653302192688,
      "iterations": 100
    },
    "200": {
      "fprs": {
        "overall": 0.6190476190476191,
        "female": 0.5454545454545454,
        "male": 0.7,
        "urban": 0.6896551724137931,
        "rural": 0.46153846153846156,
        "female_urban": 0.6,
        "female_rural": 0.42857142857142855,
        "male_urban": 0.7857142857142857,
        "male_rural": 0.5
      },
      "training_time": 31.474075317382812,
      "iterations": 200
    }
  }
}