{
  "baseline_fprs": {
    "overall": 0.6190476190476191,
    "female": 0.5454545454545454,
    "male": 0.7,
    "urban": 0.6551724137931034,
    "rural": 0.5384615384615384,
    "female_urban": 0.5333333333333333,
    "female_rural": 0.5714285714285714,
    "male_urban": 0.7857142857142857,
    "male_rural": 0.5
  },
  "baseline_training_time": 0.0025069713592529297,
  "gerryfair_experiments": {
    "2": {
      "fprs": {
        "overall": 0.6666666666666666,
        "female": 0.5909090909090909,
        "male": 0.75,
        "urban": 0.6896551724137931,
        "rural": 0.6153846153846154,
        "female_urban": 0.6,
        "female_rural": 0.5714285714285714,
        "male_urban": 0.7857142857142857,
        "male_rural": 0.6666666666666666
      },
      "training_time": 0.37801289558410645,
      "iterations": 2
    },
    "5": {
      "fprs": {
        "overall": 0.4523809523809524,
        "female": 0.45454545454545453,
        "male": 0.45,
        "urban": 0.20689655172413793,
        "rural": 1.0,
        "female_urban": 0.2,
        "female_rural": 1.0,
        "male_urban": 0.21428571428571427,
        "male_rural": 1.0
      },
      "training_time": 0.8264949321746826,
      "iterations": 5
    }
  }
}