Feature,Gender p-value,Location p-value,Gender Significant,Location Significant
Grade Average,0.6599348725930874,0.3238674538380366,,
Study Time,0.5629555325997408,0.9557359043200697,,
Absences,0.6705216150677846,0.5146673863903162,,
Family Support,0.4750449474788375,0.22900071252969645,,
Internet Access,0.5463505186994125,0.1842970737844397,,
